{
    "normals":[1,-0,-0,-0,0,1,0,-1,1e-06,0.127115,0.133664,0.982841,-0.111678,-0.083758,0.990208,0,0,1,-0.125183,0,0.992134,1,0,-0,-0,1,-0,-1,0,0,0,1,-0,-0,1,-0,0,1,-0,0.125183,0,0.992134,0.042017,0,0.999117,-0.042017,0,0.999117,0.111678,-0.083759,0.990208,0.037567,-0.009392,0.99925,-0.037567,-0.009392,0.99925,-0.127115,0.133663,0.982841,-0.033306,0.018369,0.999276,0.033306,0.018369,0.999276,-0,-1,1e-06,0,-1,0,-0.080333,-0.561503,-0.823566,-0.067024,-0.730247,-0.679888,0.022201,0.626974,-0.778723,0.065556,0.638949,-0.766451,-0.59903,-0,-0.800727,0.080334,-0.561503,-0.823566,-0.065556,0.638949,-0.766451,0.599027,-0,-0.800729,-0.661693,0.174243,-0.729247,-0.879396,-0.47464,0.037146,0.025997,-0.220245,0.975098,0.000298,-0.999997,-0.002489,-0,1,-0,-0,1,-0,-0.000298,-0.999997,-0.002489,-0.022201,0.626974,-0.778723,-1,0,-0,-0.990141,-0,-0.140076,0.283617,-0,-0.958938,0.011026,-0.990872,-0.134356,-0.011026,0.990872,-0.134356,0.011026,0.990872,-0.134356,0.003426,0.992118,-0.125263,-0.003426,0.992118,-0.125263,-0.011026,-0.990872,-0.134356,0.067024,-0.730247,-0.679888,-0.996911,-0.019761,-0.076015,-0.283617,-0,-0.958938,-0.098101,-0,-0.995176,0.098101,-0,-0.995176,0.990141,-0,-0.140076,-1,-0,-0,0.045512,-0.936016,0.349003,-0.045512,-0.936016,0.349003,-0.009385,-0.938232,0.345878,0.009385,-0.938232,0.345878,-0.001562,-0.998128,-0.061138,0.001562,-0.998128,-0.061138,0.003645,-0.989227,0.146345,-0.003645,-0.989227,0.146345,-0.0065,-0.971341,-0.237601,0.0065,-0.971341,-0.237601,0.996911,-0.019761,-0.076015,0.661693,0.174243,-0.729247,-0.025997,-0.220245,0.975098,0.879396,-0.47464,0.037147,0.916208,1e-06,0.400703,-0.320456,1e-06,0.947263,-0.145188,0,-0.989404,0.57253,-1e-06,-0.819884,0,1e-06,1,-0.572531,-1e-06,-0.819883,0.145188,0,-0.989404,0.320458,1e-06,0.947263,-0.916209,1e-06,0.400701,0,1,-0,0,-1,0,-0,0,-1,0,0,1,0,-0,-1,0,0,1,0,-1,0,0,1,-0,0,1,-0,0,-1,0,0,0,1,0,0,1,0,0,1,-0,0,1,0,0,1,0,1,-0,0,0,-1,1,0,0,1e-06,1e-06,1,0,0.993858,0.110661,0,-1,0],
    "faces":[43,59,3,2,67,0,0,0,0,0,0,0,0,0,43,1,0,4,5,0,0,0,0,0,1,1,1,1,43,20,5,9,26,0,0,0,0,0,2,2,2,2,43,17,2,7,23,0,0,0,0,0,3,3,3,3,43,14,1,5,20,0,0,0,0,0,4,4,4,4,43,2,3,6,7,0,0,0,0,0,5,5,5,5,43,26,9,8,27,0,1,2,3,4,6,6,6,6,43,5,4,8,9,0,0,0,0,0,7,7,7,7,43,23,7,11,29,0,0,0,0,0,8,8,8,8,43,7,6,10,11,0,0,0,0,0,9,9,9,9,43,4,21,27,8,0,0,0,0,0,10,10,10,10,43,21,22,28,27,0,0,0,0,0,11,11,11,11,43,22,23,29,28,0,0,0,0,0,12,12,12,12,43,10,24,29,11,0,5,6,7,8,13,13,13,13,43,24,25,28,29,0,6,9,10,7,14,14,14,14,43,25,26,27,28,0,9,1,4,10,15,15,15,15,43,3,12,18,6,0,0,0,0,0,16,16,16,16,43,12,13,19,18,0,0,0,0,0,17,17,17,17,43,13,14,20,19,0,0,0,0,0,18,18,18,18,43,0,15,21,4,0,0,0,0,0,19,19,19,19,43,15,16,22,21,0,0,0,0,0,20,20,20,20,43,16,17,23,22,0,0,0,0,0,21,21,21,21,43,6,18,24,10,0,0,0,0,0,22,22,22,22,43,18,19,25,24,0,0,0,0,0,23,23,23,23,43,19,20,26,25,0,0,0,0,0,23,23,23,23,43,33,38,57,46,0,0,0,0,0,24,24,24,24,43,45,50,75,76,0,0,0,0,0,25,25,25,25,43,36,35,54,55,0,0,0,0,0,26,26,26,26,43,30,36,55,39,0,0,0,0,0,27,27,27,27,43,31,30,39,51,0,0,0,0,0,28,28,28,28,43,37,31,51,56,0,0,0,0,0,29,29,29,29,43,34,32,52,53,0,0,0,0,0,30,30,30,30,43,32,33,46,52,0,0,0,0,0,31,31,31,31,43,37,56,73,72,0,0,0,0,0,32,32,32,32,43,63,37,72,77,0,0,0,0,0,33,33,33,33,43,65,64,78,79,0,0,0,0,0,34,34,34,34,43,58,31,37,63,0,0,0,0,0,35,35,35,35,43,61,35,36,62,0,0,0,0,0,36,36,36,36,43,60,34,35,61,0,0,0,0,0,36,36,36,36,43,59,32,34,60,0,0,0,0,0,37,37,37,37,43,62,36,30,66,0,0,0,0,0,36,36,36,36,43,65,38,33,67,0,0,0,0,0,38,38,38,38,43,35,34,53,54,0,0,0,0,0,39,39,39,39,43,66,30,31,58,0,0,0,0,0,40,40,40,40,43,39,40,41,51,0,0,0,0,0,41,41,41,41,43,42,43,44,49,0,0,0,0,0,42,42,42,42,43,57,49,44,46,0,0,0,0,0,43,43,43,43,43,55,47,40,39,0,0,0,0,0,44,44,44,44,43,52,43,42,53,0,0,0,0,0,45,45,45,45,43,53,42,48,54,0,0,0,0,0,46,46,46,46,43,54,48,47,55,0,0,0,0,0,47,47,47,47,43,51,41,45,56,0,0,0,0,0,48,48,48,48,43,50,49,74,75,0,0,0,0,0,49,49,49,49,43,56,45,76,73,0,0,0,0,0,50,50,50,50,43,40,47,45,41,0,0,0,0,0,51,51,51,51,43,47,48,50,45,0,0,0,0,0,52,52,52,52,43,48,42,49,50,0,0,0,0,0,53,53,53,53,43,43,52,46,44,0,0,0,0,0,54,54,54,54,43,58,0,1,66,0,0,0,0,0,55,55,55,55,43,17,65,67,2,0,0,0,0,0,56,56,56,56,43,14,62,66,1,0,0,0,0,0,36,36,36,36,43,3,59,60,12,0,0,0,0,0,36,36,36,36,43,12,60,61,13,0,0,0,0,0,36,36,36,36,43,13,61,62,14,0,0,0,0,0,36,36,36,36,43,0,58,63,15,0,0,0,0,0,57,57,57,57,43,15,63,64,16,0,0,0,0,0,58,58,58,58,43,16,64,65,17,0,0,0,0,0,59,59,59,59,43,32,59,67,33,0,0,0,0,0,0,0,0,0,43,69,71,70,68,0,0,0,0,0,60,60,60,60,43,71,72,73,70,0,0,0,0,0,61,61,61,61,43,78,71,69,79,0,0,0,0,0,62,62,62,62,43,77,72,71,78,0,0,0,0,0,63,63,63,63,43,73,76,75,70,0,0,0,0,0,64,64,64,64,43,70,75,74,68,0,0,0,0,0,65,65,65,65,43,49,57,68,74,0,0,0,0,0,66,66,66,66,43,57,38,69,68,0,0,0,0,0,67,67,67,67,43,64,63,77,78,0,0,0,0,0,68,68,68,68,43,38,65,79,69,0,0,0,0,0,69,69,69,69,43,86,87,96,95,0,0,0,0,0,70,70,70,70,43,83,84,93,92,0,0,0,0,0,71,71,71,71,43,80,81,90,89,0,0,0,0,0,72,72,72,72,43,87,88,97,96,0,0,0,0,0,73,73,73,73,43,84,85,94,93,0,0,0,0,0,74,74,74,74,43,81,82,91,90,0,0,0,0,0,75,75,75,75,43,88,80,89,97,0,0,0,0,0,76,76,76,76,43,85,86,95,94,0,0,0,0,0,77,77,77,77,43,82,83,92,91,0,0,0,0,0,78,78,78,78,43,98,99,101,100,0,0,0,0,0,79,79,79,79,43,102,104,105,103,0,0,0,0,0,80,80,80,80,43,101,105,104,100,0,0,0,0,0,81,81,81,81,43,98,102,103,99,0,0,0,0,0,82,82,82,82,43,99,103,105,101,0,0,0,0,0,7,7,7,7,43,100,104,102,98,0,0,0,0,0,40,40,40,40,43,107,109,108,106,0,0,0,0,0,40,40,40,40,43,114,113,112,115,0,0,0,0,0,83,83,83,83,43,113,111,110,112,0,0,0,0,0,0,0,0,0,43,116,107,119,120,0,0,0,0,0,84,84,84,84,43,117,115,112,110,0,0,0,0,0,85,85,85,85,43,116,114,109,107,0,0,0,0,0,86,86,86,86,43,111,113,114,116,0,0,0,0,0,87,87,87,87,43,106,108,115,117,0,0,0,0,0,88,88,88,88,43,111,116,117,110,0,0,0,0,0,89,89,89,89,43,109,114,115,108,0,0,0,0,0,83,83,83,83,43,121,120,124,125,0,0,0,0,0,9,9,9,9,43,106,117,121,118,0,0,0,0,0,90,90,90,90,43,107,106,118,119,0,0,0,0,0,91,91,91,91,43,117,116,120,121,0,0,0,0,0,92,92,92,92,43,124,123,122,125,0,0,0,0,0,93,93,93,93,43,120,119,123,124,0,0,0,0,0,23,23,23,23,43,118,121,125,122,0,0,0,0,0,94,94,94,94,43,119,118,122,123,0,0,0,0,0,7,7,7,7,43,127,126,128,129,0,0,0,0,0,9,9,9,9,43,129,128,132,133,0,0,0,0,0,95,95,95,95,43,133,132,130,131,0,0,0,0,0,96,96,96,96,43,131,130,126,127,0,0,0,0,0,97,97,97,97,43,126,130,132,128,0,0,0,0,0,98,98,98,98,43,131,127,129,133,0,0,0,0,0,99,99,99,99],