{
    "uvs":[],
    "materials":[{
        "shading":"phong",
        "vertexColors":false,
        "specularCoef":50,
        "visible":true,
        "transparent":false,
        "colorDiffuse":[0.193825,0.240435,0.645562],
        "blending":"NormalBlending",
        "colorEmissive":[0,0,0],
        "depthWrite":true,
        "colorSpecular":[0.5,0.5,0.5],
        "opacity":1,
        "DbgColor":15658734,
        "depthTest":true,
        "DbgName":"Material",
        "DbgIndex":0,
        "wireframe":false
    },{
        "shading":"phong",
        "vertexColors":false,
        "specularCoef":50,
        "visible":true,
        "transparent":false,
        "colorDiffuse":[0.4569,0.139718,0.645562],
        "blending":"NormalBlending",
        "colorEmissive":[0,0,0],
        "depthWrite":true,
        "colorSpecular":[0.5,0.5,0.5],
        "opacity":1,
        "DbgColor":15597568,
        "depthTest":true,
        "DbgName":"Material.001",
        "DbgIndex":1,
        "wireframe":false
    }],
    "colors":[],
    "metadata":{
        "uvs":0,
        "version":3,
        "colors":0,
        "generator":"io_three",
        "type":"Geometry",
        "materials":2,
        "faces":168,
        "normals":166,
        "vertices":146
    },
    "faces":[35,0,5,9,4,0,0,0,0,0,35,3,8,7,2,0,1,1,1,1,35,5,0,1,6,0,2,2,2,2,35,4,9,8,3,0,3,3,3,3,35,2,7,6,1,0,4,4,4,4,35,5,10,14,9,0,5,5,5,5,35,8,13,12,7,0,6,6,6,6,35,6,11,10,5,0,7,7,7,7,35,9,14,13,8,0,8,8,8,8,35,7,12,11,6,0,9,9,9,9,35,15,20,24,19,0,10,10,10,10,35,18,23,22,17,0,11,11,11,11,35,16,21,20,15,0,12,12,12,12,35,19,24,23,18,0,13,13,13,13,35,17,22,21,16,0,14,14,14,14,35,20,25,29,24,0,15,15,15,15,35,23,28,27,22,0,16,16,16,16,35,21,26,25,20,0,17,17,17,17,35,24,29,28,23,0,18,18,18,18,35,22,27,26,21,0,19,19,19,19,35,30,35,39,34,0,20,20,20,20,35,33,38,37,32,0,21,21,21,21,35,31,36,35,30,0,22,22,22,22,35,34,39,38,33,0,23,23,23,23,35,32,37,36,31,0,24,24,24,24,35,35,40,44,39,0,25,25,25,25,35,38,43,42,37,0,26,26,26,26,35,36,41,40,35,0,27,27,27,27,35,39,44,43,38,0,28,28,28,28,35,37,42,41,36,0,29,29,29,29,35,45,50,54,49,0,30,30,30,30,35,48,53,52,47,0,31,31,31,31,35,46,51,50,45,0,32,32,32,32,35,49,54,53,48,0,33,33,33,33,35,47,52,51,46,0,34,34,34,34,35,50,55,59,54,0,35,35,35,35,35,53,58,57,52,0,36,36,36,36,35,51,56,55,50,0,37,37,37,37,35,54,59,58,53,0,38,38,38,38,35,52,57,56,51,0,39,39,39,39,35,60,65,69,64,0,40,40,40,40,35,63,68,67,62,0,41,41,41,41,35,61,66,65,60,0,42,42,42,42,35,64,69,68,63,0,43,43,43,43,35,62,67,66,61,0,44,44,44,44,35,65,70,74,69,0,45,45,45,45,35,68,73,72,67,0,46,46,46,46,35,66,71,70,65,0,47,47,47,47,35,69,74,73,68,0,48,48,48,48,35,67,72,71,66,0,49,49,49,49,35,75,80,84,79,0,50,50,50,50,35,78,83,82,77,0,51,51,51,51,35,76,81,80,75,0,52,52,52,52,35,79,84,83,78,0,53,53,53,53,35,77,82,81,76,0,54,54,54,54,35,80,85,89,84,0,55,55,55,55,35,83,88,87,82,0,56,56,56,56,35,81,86,85,80,0,57,57,57,57,35,84,89,88,83,0,58,58,58,58,35,82,87,86,81,0,59,59,59,59,34,109,92,124,1,60,60,60,34,128,96,113,1,61,61,61,34,127,95,101,1,62,62,62,34,113,96,103,1,63,63,63,34,129,97,105,0,64,64,64,34,117,107,93,1,65,65,65,34,111,115,105,1,66,66,66,34,115,117,104,1,67,67,67,34,131,104,93,1,68,68,68,34,131,133,105,1,69,69,69,34,109,119,102,1,70,70,70,34,119,121,103,1,71,71,71,34,135,100,91,1,72,72,72,34,137,101,100,1,73,73,73,34,101,120,118,1,74,74,74,34,120,121,119,1,75,75,75,34,100,118,108,1,76,76,76,34,118,119,109,1,77,77,77,34,98,116,114,1,78,78,78,34,116,117,115,1,79,79,79,34,99,114,110,1,80,80,80,34,110,114,115,1,81,81,81,34,98,90,106,1,82,82,82,34,116,106,107,1,83,83,83,34,95,112,120,1,84,84,84,34,120,112,113,1,85,85,85,34,127,139,112,1,86,86,86,34,139,141,113,1,87,87,87,34,91,108,142,1,88,88,88,34,108,109,144,1,89,89,89,34,143,145,107,1,90,90,90,34,142,144,145,1,91,91,91,34,90,122,143,1,92,92,92,34,122,123,142,1,93,93,93,34,110,111,140,1,94,94,94,34,140,141,139,1,95,95,95,34,110,138,126,1,96,96,96,34,126,138,139,1,97,97,97,34,99,136,134,1,98,98,98,34,134,136,137,1,99,99,99,34,90,98,134,1,100,100,100,34,134,135,123,1,101,101,101,34,103,132,130,1,102,102,102,34,132,133,131,1,103,103,103,34,102,130,124,1,104,104,104,34,130,131,125,1,105,105,105,34,103,96,128,1,106,106,106,34,128,129,133,1,107,107,107,34,99,94,126,1,108,108,108,34,126,127,137,1,109,109,109,34,111,97,129,0,110,110,110,34,140,129,128,1,111,111,111,34,107,145,125,1,112,112,112,34,144,124,125,1,113,113,113,34,144,109,124,1,114,114,114,34,141,128,113,1,115,115,115,34,137,127,101,1,116,116,116,34,121,113,103,1,117,117,117,34,133,129,105,1,118,118,118,34,104,117,93,1,119,119,119,34,97,111,105,0,120,120,120,34,105,115,104,1,121,121,121,34,125,131,93,1,122,122,122,34,104,131,105,1,123,123,123,34,92,109,102,1,124,124,124,34,102,119,103,1,125,125,125,34,123,135,91,1,126,126,126,34,135,137,100,1,127,127,127,34,100,101,118,1,128,128,128,34,118,120,119,1,129,129,129,34,91,100,108,1,130,130,130,34,108,118,109,1,131,131,131,34,99,98,114,1,132,132,132,34,114,116,115,1,133,133,133,34,94,99,110,1,134,134,134,34,111,110,115,1,135,135,135,34,116,98,106,1,136,136,136,34,117,116,107,1,137,137,137,34,101,95,120,1,138,138,138,34,121,120,113,1,139,139,139,34,95,127,112,1,140,140,140,34,112,139,113,1,141,141,141,34,123,91,142,1,142,142,142,34,142,108,144,1,143,143,143,34,106,143,107,1,89,89,89,34,143,142,145,1,144,144,144,34,106,90,143,1,145,145,145,34,143,122,142,1,146,146,146,34,138,110,140,1,147,147,147,34,138,140,139,1,148,148,148,34,94,110,126,1,149,149,149,34,127,126,139,1,150,150,150,34,98,99,134,1,151,151,151,34,135,134,137,1,152,152,152,34,122,90,134,1,153,153,153,34,122,134,123,1,154,154,154,34,102,103,130,1,155,155,155,34,130,132,131,1,156,156,156,34,92,102,124,1,157,157,157,34,124,130,125,1,158,158,158,34,132,103,128,1,159,159,159,34,132,128,133,1,160,160,160,34,136,99,126,1,161,161,161,34,136,126,137,1,162,162,162,34,140,111,129,1,163,163,163,34,141,140,128,1,148,148,148,34,93,107,125,1,164,164,164,34,145,144,125,1,165,165,165],