{
    "uvs":[],
    "normals":[0.587786,0,0.809017,-0.951057,1e-06,0.309017,0,-0,-1,0.951056,-0,0.309017,-0.587786,1e-06,0.809017,-0.587786,0,-0.809016,0.951056,-1e-06,-0.309017,0,1e-06,1,-0.951057,0,-0.309017,0.587785,-1e-06,-0.809017,0,1,-0,0,1,-0,0,1,0,0,1,-0,1e-06,1,0,-0,-1,0,0,1,-0,0.574726,0.817812,-0.029555,-0.542266,0.830795,0.12541,0,0.628953,0.777443,0,0.628953,-0.777443,-0,-0.628955,-0.777442,0,-0,-1,-0,-0.628954,0.777442,0,-0,1,-0.542266,-0.830795,0.12541,-0.975017,0,0.22213,0.574726,-0.817812,-0.029555,0.99868,-0,-0.051357,0.99868,0,0.051357,1,-1e-06,0,1,-0,-0,0.574726,-0.817812,0.029556,0.580647,-0.814156,0,0.580646,-0.814156,0,-0.975017,-0,-0.222131,-0.995604,-0,-0.093664,-0.995604,0,0.093664,-0.542265,-0.830795,-0.12541,-0.574482,-0.81666,-0.055102,-0.574482,-0.81666,0.055103,-0.542266,0.830795,-0.125411,-0.574484,0.816659,-0.055103,-0.574483,0.816659,0.055103,0.574727,0.817811,0.029556,0.580647,0.814156,-0,0.580646,0.814156,-0,0,1,-0,0,1,-0,0,1,-0,-0,-1,0,-0,-1,0,-0,-1,0,-0,-1,0,0,1,-0,1,-0,-0,-0,-1,0,-0,0,-1,0,1,-0,0,-0,1,-1,-0,-0,-0,-1,0,0,-0,1,1e-06,1,-0,-0,0,-1,0,-0,1,-0,-1,0,1,-1e-06,-0,0,1,-0,-1,1e-06,-0,0,-0,-1,-0,-1,0,-1,1e-06,0,0,1,-0,1,-1e-06,0,0.587786,-0,0.809017,-0.951057,1e-06,0.309016,0,0,-1,0.951056,-1e-06,0.309018,-0.587785,0,0.809018,-0.587785,0,-0.809017,0.951056,-1e-06,-0.309018,0,0,1,-0.951057,1e-06,-0.309017,0.587786,-0,-0.809017,0,1,-0,0,1,-0,1e-06,1,-0,0,1,-0,1e-06,1,1e-06,0.892081,0,-0.451876,1,0,-1e-06,-0.892082,-1e-06,0.451874,-1,0,1e-06,-2e-06,-1,0,0,1,-1e-06,2e-06,1,-0,0,1,-1e-06,-0,-1,1e-06,-0,-1,1e-06,0.892081,1e-06,0.451876,0,0,1,-0.892082,-1e-06,-0.451874,-0,-1e-06,-1,0.892079,-1e-06,-0.451879,1,-0,-0,-0.892081,3e-06,0.451875,-1,3e-06,-0,-0,-1,0,0,1,-0,5e-06,1,-0,0,1,-0,-0,-1,0,-0,-1,0,0.89208,-1e-06,0.451878,-0.892082,3e-06,-0.451874,-0,-0,-1,-0,-1,0,-0,-1,0,0,1,-0,0,1,-0,0,1,-0,-0,0,1,-0,-0.628955,0.777442,0,0,-1,-0,-0.628954,-0.777443,0,0.628954,-0.777443,0,0.628955,0.777442,0,1,-0,-0,-1,0,0,0.628953,-0.777443,-0,-0.628954,-0.777443,0,1,-0,0,1,-0,0,1,-0,-0,-0,1,-0,-0.628954,0.777442,0,0.628954,0.777443,0,1,-0,-0,-1,0,-0.999993,0,-0.00379,0.99582,1e-06,0.091332,-0.999993,0,0.00379,0.998806,1e-06,0.048857,0,1,-0,1e-06,1,0,1e-06,1,-0,0,1,-0,0,1,-0,0,1,-0,0,1,-0,0,1,0,0,1,-0,0,1,-0,-0,0,1,0.99582,-2e-06,-0.091332,-0.999187,0,0.040305,0.998806,-1e-06,-0.048857,0,-0,-1,-0.999187,0,-0.040305],
    "metadata":{
        "generator":"io_three",
        "normals":160,
        "vertices":181,
        "uvs":0,
        "faces":162,
        "materials":3,
        "type":"Geometry",
        "colors":0,
        "version":3
    },
    "name":"Circle.001Geometry.4",
    "colors":[],
    "vertices":[-0.566833,0.066233,0.568539,-0.606678,0.066233,0.445908,-0.710994,0.066233,0.370118,-0.839935,0.066233,0.370118,-0.944251,0.066233,0.445908,-0.984096,0.066233,0.568539,-0.944251,0.066233,0.691169,-0.839935,0.066233,0.766959,-0.710994,0.066233,0.766959,-0.606678,0.066233,0.691169,-0.566833,0.17025,0.568539,-0.606678,0.17025,0.445908,-0.710994,0.17025,0.370118,-0.839935,0.17025,0.370118,-0.944251,0.17025,0.445908,-0.984096,0.17025,0.568539,-0.944251,0.17025,0.691169,-0.839935,0.17025,0.766959,-0.710994,0.17025,0.766959,-0.606678,0.17025,0.691169,-2.40185,-0.494758,-1.72313,-2.40185,-0.494758,1.55619,3.19751,-0.49476,-1.72313,3.19751,-0.49476,1.55619,3.19751,0.088984,-1.72313,-2.40185,0.088986,-1.72313,-2.40185,0.088986,1.55619,3.19751,0.088985,1.55619,3.30916,-0.413936,-1.78852,3.30916,0.008159,-1.78852,3.30916,0.00816,1.62158,3.30916,-0.413935,1.62158,-2.5135,-0.413933,1.62158,-2.5135,0.008162,1.62158,-2.5135,0.008161,-1.78852,-2.5135,-0.413934,-1.78852,-2.5944,-0.494758,-0.903302,-2.6746,-0.494758,-0.083471,-2.5944,-0.494758,0.73636,3.23967,-0.49476,0.736361,3.23967,-0.49476,-0.08347,3.23967,-0.49476,-0.903302,-2.5944,0.088986,-0.903302,-2.6746,0.088986,-0.083471,-2.5944,0.088986,0.73636,3.23967,0.088984,0.736361,3.23967,0.088984,-0.083471,3.23967,0.088984,-0.903302,-2.70772,-0.413933,0.769054,-2.78793,-0.413934,-0.083471,-2.70772,-0.413934,-0.935995,-2.70772,0.008162,0.769054,-2.78793,0.008162,-0.083471,-2.70772,0.008161,-0.935995,3.353,-0.413936,-0.935995,3.353,-0.413935,-0.08347,3.353,-0.413935,0.769054,3.353,0.008159,-0.935995,3.353,0.008159,-0.08347,3.353,0.00816,0.769054,-0.858617,0.075775,-1.26641,-0.858617,0.075775,-0.975114,-0.567327,0.075775,-1.2664,-0.567327,0.075775,-0.975114,-0.858617,0.16983,-1.26641,-0.858617,0.16983,-0.975114,-0.567327,0.16983,-1.2664,-0.567327,0.16983,-0.975114,-0.287618,0.075775,-0.975114,-0.287618,0.075775,-1.26641,-0.287618,0.16983,-1.26641,-0.287618,0.16983,-0.975114,-1.13833,0.075775,-1.26641,-1.13833,0.075775,-0.975114,-1.13833,0.16983,-0.975114,-1.13833,0.16983,-1.26641,-0.858617,0.075775,-0.695405,-0.567327,0.075775,-0.695406,-0.567327,0.16983,-0.695406,-0.858617,0.16983,-0.695405,-0.567327,0.075775,-1.54611,-0.858617,0.075775,-1.54611,-0.858617,0.16983,-1.54611,-0.567327,0.16983,-1.54611,-0.3541,0.066233,1.2019,-0.393945,0.066233,1.07927,-0.498261,0.066233,1.00348,-0.627203,0.066233,1.00348,-0.731519,0.066233,1.07927,-0.771364,0.066233,1.2019,-0.731519,0.066233,1.32453,-0.627203,0.066233,1.40032,-0.498261,0.066233,1.40032,-0.393945,0.066233,1.32453,-0.3541,0.17025,1.2019,-0.393945,0.17025,1.07927,-0.498261,0.17025,1.00348,-0.627203,0.17025,1.00348,-0.731519,0.17025,1.07927,-0.771364,0.17025,1.2019,-0.731519,0.17025,1.32453,-0.627203,0.17025,1.40032,-0.498261,0.17025,1.40032,-0.393945,0.17025,1.32453,-1.75295,0.055927,-0.37041,-1.75295,0.158461,-0.37041,-1.63436,0.055927,-0.37041,-1.63436,0.15846,-0.37041,-1.75295,0.055927,-0.25182,-1.75295,0.158461,-0.25182,-1.63436,0.055927,-0.25182,-1.63436,0.158461,-0.25182,-1.71342,0.15846,-0.448449,-1.67389,0.15846,-0.448449,-1.67389,0.055927,-0.448449,-1.71342,0.055927,-0.448449,-1.67389,0.158461,-0.173781,-1.71342,0.158461,-0.173781,-1.71342,0.055927,-0.173781,-1.67389,0.055927,-0.173781,-1.74892,0.055927,0.145306,-1.74892,0.158461,0.145306,-1.63033,0.055927,0.145306,-1.63033,0.158461,0.145306,-1.74892,0.055927,0.263896,-1.74892,0.158461,0.263896,-1.63033,0.055927,0.263896,-1.63033,0.158461,0.263896,-1.70939,0.158461,0.067267,-1.66986,0.158461,0.067267,-1.66986,0.055927,0.067267,-1.70939,0.055927,0.067267,-1.66986,0.158461,0.341935,-1.70939,0.158461,0.341935,-1.70939,0.055927,0.341935,-1.66986,0.055927,0.341935,0.397829,-0.494759,-1.72313,0.397829,-0.494759,1.55619,0.397829,0.088985,-1.72313,0.397829,0.088985,1.55619,0.397829,-0.413935,-1.78852,0.397829,0.00816,-1.78852,0.397829,-0.413934,1.62158,0.397829,0.008161,1.62158,0.322638,0.088985,-0.903302,0.282536,0.088985,-0.083471,0.322638,0.088985,0.73636,2.98063,-0.49476,1.55619,2.98063,0.088985,1.55619,3.08363,-0.413936,-1.78852,3.08363,0.008159,-1.78852,3.0137,0.088984,-0.903302,3.0106,0.088984,-0.083471,3.0137,0.088984,0.736361,2.98063,-0.49476,-1.72313,2.98063,0.088984,-1.72313,3.08363,-0.413935,1.62158,3.08363,0.00816,1.62158,3.0137,-0.49476,-0.903301,3.0106,-0.49476,-0.08347,3.0137,-0.49476,0.736361,2.69719,0.088984,-1.08209,1.10142,0.088985,-1.08209,1.05496,0.088985,0.437493,1.03018,0.088985,-0.069034,1.05496,0.088985,-0.575561,1.10142,0.088985,0.94402,2.69719,0.088985,0.94402,2.71762,0.088984,-0.575561,2.7157,0.088984,-0.069034,2.71762,0.088984,0.437493,2.69719,0.031507,-1.08209,1.10142,0.031507,-1.08209,1.05496,0.031507,0.437493,1.03018,0.031507,-0.069034,1.05496,0.031507,-0.575561,1.10142,0.031507,0.94402,2.69719,0.031507,0.94402,2.71762,0.031507,-0.575561,2.7157,0.031507,-0.069034,2.71762,0.031507,0.437493],