{
    "materials":[{
        "depthTest":true,
        "opacity":1,
        "transparent":false,
        "wireframe":false,
        "colorSpecular":[0.5,0.5,0.5],
        "vertexColors":false,
        "colorEmissive":[0,0,0],
        "DbgColor":15658734,
        "colorDiffuse":[0.334308,0.209801,0.8],
        "blending":"NormalBlending",
        "shading":"phong",
        "depthWrite":true,
        "DbgIndex":0,
        "DbgName":"Material.001",
        "visible":true,
        "specularCoef":50
    }],
    "colors":[],
    "faces":[35,2,0,8,11,0,0,0,0,0,35,6,2,41,46,0,1,1,1,1,35,13,15,4,6,0,2,2,2,2,35,0,4,15,8,0,3,3,3,3,35,0,2,6,4,0,4,4,4,4,35,5,7,3,1,0,5,5,5,5,35,5,1,9,14,0,6,6,6,6,35,14,9,8,15,0,7,7,7,7,35,5,24,27,7,0,8,8,8,8,35,12,14,15,13,0,9,9,9,9,35,3,7,12,10,0,10,10,10,10,35,10,12,13,11,0,10,10,10,10,35,1,3,10,9,0,11,11,11,11,35,9,10,11,8,0,12,12,12,12,35,14,12,18,16,0,13,13,13,13,35,27,29,22,18,0,14,14,14,14,35,29,31,20,22,0,2,2,2,2,35,31,24,16,20,0,15,15,15,15,35,16,18,22,20,0,4,4,4,4,35,21,23,19,17,0,5,5,5,5,35,21,17,25,30,0,16,16,16,16,35,30,25,24,31,0,7,7,7,7,35,23,21,30,28,0,2,2,2,2,35,28,30,31,29,0,9,9,9,9,35,28,52,63,23,0,17,17,17,17,35,26,28,29,27,0,10,10,10,10,35,17,19,26,25,0,11,11,11,11,35,25,26,27,24,0,12,12,12,12,35,40,43,34,32,0,12,12,12,12,35,43,45,38,34,0,10,10,10,10,35,36,38,58,57,0,18,18,18,18,35,47,40,32,36,0,7,7,7,7,35,32,34,38,36,0,4,4,4,4,35,37,39,35,33,0,5,5,5,5,35,11,13,37,33,0,19,19,19,19,35,46,41,40,47,0,7,7,7,7,35,39,37,46,44,0,9,9,9,9,35,44,46,47,45,0,9,9,9,9,35,35,39,44,42,0,10,10,10,10,35,42,44,45,43,0,10,10,10,10,35,33,35,42,41,0,12,12,12,12,35,41,42,43,40,0,12,12,12,12,35,56,59,50,48,0,12,12,12,12,35,59,61,54,50,0,14,14,14,14,35,61,63,52,54,0,9,9,9,9,35,19,56,48,26,0,12,12,12,12,35,48,50,54,52,0,4,4,4,4,35,53,55,51,49,0,5,5,5,5,35,53,49,57,62,0,7,7,7,7,35,62,57,56,63,0,7,7,7,7,35,55,53,62,60,0,9,9,9,9,35,60,62,63,61,0,9,9,9,9,35,51,55,60,58,0,10,10,10,10,35,58,60,61,59,0,10,10,10,10,35,45,47,49,51,0,20,20,20,20,35,57,58,59,56,0,12,12,12,12,35,5,14,16,24,0,7,7,7,7,35,12,7,27,18,0,21,21,21,21,35,23,63,56,19,0,22,22,22,22,35,28,26,48,52,0,23,23,23,23,35,47,36,57,49,0,7,7,7,7,35,38,45,51,58,0,21,21,21,21,35,6,46,37,13,0,24,24,24,24,35,11,33,41,2,0,25,25,25,25],
    "uvs":[],
    "normals":[-1,-0,-0,0,-0.579899,-0.814689,1,-0,-0,0,0,1,-0,-1,-0,-0,1,-0,0,-0,1,0,0,1,0.7863,0.617845,-0,1,-0,-0,0,-0,-1,-1,0,-0,-1,0,-0,-0.7863,-0.617845,-0,0,-0,-1,0,0,1,0,-0,1,1,0,-0,0.7863,-0.617845,-0,0,0.579899,0.814689,-0.7863,0.617845,-0,0,0,-1,0,0.579899,-0.814689,0,-0.579899,0.814689,1,0,0,-1,0,0],
    "name":"Cube.001Geometry",
    "vertices":[-2.78129,-2.63038,0.232408,-2.78129,2.63038,0.232408,-2.78129,-2.63038,-0.94077,-2.78129,2.63038,-0.94077,-1.60812,-2.63038,0.232408,-1.60812,2.63038,0.232408,-1.60812,-2.63038,-0.94077,-1.60812,2.63038,-0.94077,-2.78129,-1.46277,0.232408,-2.78129,1.46277,0.232408,-2.78129,1.46277,-0.94077,-2.78129,-1.46277,-0.94077,-1.60812,1.46277,-0.94077,-1.60812,-1.46277,-0.94077,-1.60812,1.46277,0.232408,-1.60812,-1.46277,0.232408,1.60812,-2.63038,0.232408,1.60812,2.63038,0.232408,1.60812,-2.63038,-0.94077,1.60812,2.63038,-0.94077,2.7813,-2.63038,0.232408,2.7813,2.63038,0.232408,2.7813,-2.63038,-0.94077,2.7813,2.63038,-0.94077,1.60812,-1.46277,0.232408,1.60812,1.46277,0.232408,1.60812,1.46277,-0.94077,1.60812,-1.46277,-0.94077,2.7813,1.46277,-0.94077,2.7813,-1.46277,-0.94077,2.7813,1.46277,0.232408,2.7813,-1.46277,0.232408,-2.78129,-2.63038,-3.85428,-2.78129,2.63038,-3.85428,-2.78129,-2.63038,-5.02746,-2.78129,2.63038,-5.02746,-1.60812,-2.63038,-3.85428,-1.60812,2.63038,-3.85428,-1.60812,-2.63038,-5.02746,-1.60812,2.63038,-5.02746,-2.78129,-1.46277,-3.85428,-2.78129,1.46277,-3.85428,-2.78129,1.46277,-5.02746,-2.78129,-1.46277,-5.02746,-1.60812,1.46277,-5.02746,-1.60812,-1.46277,-5.02746,-1.60812,1.46277,-3.85428,-1.60812,-1.46277,-3.85428,1.60812,-2.63038,-3.85428,1.60812,2.63038,-3.85428,1.60812,-2.63038,-5.02746,1.60812,2.63038,-5.02746,2.7813,-2.63038,-3.85428,2.7813,2.63038,-3.85428,2.7813,-2.63038,-5.02746,2.7813,2.63038,-5.02746,1.60812,-1.46277,-3.85428,1.60812,1.46277,-3.85428,1.60812,1.46277,-5.02746,1.60812,-1.46277,-5.02746,2.7813,1.46277,-5.02746,2.7813,-1.46277,-5.02746,2.7813,1.46277,-3.85428,2.7813,-1.46277,-3.85428],
    "metadata":{
        "materials":1,
        "colors":0,
        "faces":64,
        "type":"Geometry",
        "normals":26,
        "vertices":64,
        "uvs":0,
        "generator":"io_three",
        "version":3
    }
}