{
    "name":"PlaneGeometry",
    "uvs":[],
    "metadata":{
        "materials":1,
        "vertices":84,
        "type":"Geometry",
        "generator":"io_three",
        "uvs":0,
        "version":3,
        "colors":0,
        "faces":82,
        "normals":79
    },
    "vertices":[-0.107179,-0.038692,1.77781,0.107179,-0.038692,1.77781,-0.107179,-0.038692,-1.77781,0.107179,-0.038692,-1.77781,-0.107179,-0.239047,1.77781,0.107179,-0.239047,1.77781,-0.107179,-0.239047,-1.77781,0.107179,-0.239047,-1.77781,-0.107179,-0.038692,-0.162609,-0.107179,-0.038692,0.162609,0.107179,-0.038692,0.162609,0.107179,-0.038692,-0.162609,-0.107179,-0.239047,-0.162609,-0.107179,-0.239047,0.162609,0.107179,-0.239047,0.162609,0.107179,-0.239047,-0.162609,-1.23044,-0.038692,1.14751,-1.23044,-0.038692,1.47273,1.23044,-0.038692,1.47273,1.23044,-0.038692,1.14751,-1.23044,-0.239047,1.14751,-1.23044,-0.239047,1.47273,1.23044,-0.239047,1.47273,1.23044,-0.239047,1.14751,-0,-0,-1.98499,-0.807368,-0,-1.81338,-1.47514,-0,-1.32822,-1.88784,-0,-0.613396,-1.97412,-0,0.207488,-1.71905,0,0.992495,-1.16675,0,1.60589,-0.412702,0,1.94161,0.412703,0,1.94161,1.16675,0,1.60589,1.71905,0,0.992495,1.97412,-0,0.207488,1.88784,-0,-0.613396,1.47514,-0,-1.32822,0.807368,-0,-1.81338,-0,-0,-1.70579,-0.693809,-0,-1.55832,-1.26765,-0,-1.1414,-1.62231,-0,-0.527119,-1.69645,-0,0.178304,-1.47726,0,0.852897,-1.00264,0,1.38002,-0.354654,0,1.66852,0.354655,0,1.66852,1.00264,0,1.38002,1.47726,0,0.852897,1.69645,-0,0.178304,1.62231,-0,-0.52712,1.26765,-0,-1.1414,0.693809,-0,-1.55832,-0,-0.279941,-1.98499,-0.807368,-0.279941,-1.81338,-1.47514,-0.279941,-1.32822,-1.88784,-0.279941,-0.613395,-1.97412,-0.279941,0.207488,-1.71905,-0.27994,0.992495,-1.16675,-0.27994,1.60589,-0.412702,-0.27994,1.94161,0.412703,-0.27994,1.94161,1.16675,-0.27994,1.60589,1.71905,-0.27994,0.992495,1.97412,-0.279941,0.207488,1.88784,-0.279941,-0.613396,1.47514,-0.279941,-1.32822,0.807368,-0.279941,-1.81338,-0,-0.279941,-1.70579,-0.693809,-0.279941,-1.55832,-1.26765,-0.279941,-1.1414,-1.62231,-0.279941,-0.527119,-1.69645,-0.27994,0.178304,-1.47726,-0.27994,0.852897,-1.00264,-0.27994,1.38002,-0.354654,-0.27994,1.66852,0.354655,-0.27994,1.66852,1.00264,-0.27994,1.38002,1.47726,-0.27994,0.852897,1.69645,-0.27994,0.178304,1.62231,-0.279941,-0.52712,1.26765,-0.279941,-1.1414,0.693809,-0.279941,-1.55832],
    "colors":[],
    "faces":[35,8,11,3,2,0,0,0,0,0,35,12,6,7,15,0,1,1,1,1,35,11,15,7,3,0,2,2,2,2,35,4,0,9,13,0,3,3,3,3,35,3,7,6,2,0,4,4,4,4,35,0,4,5,1,0,5,5,5,5,35,2,6,12,8,0,6,6,6,6,35,13,21,20,12,0,7,7,7,7,35,1,5,14,10,0,2,2,2,2,35,15,23,22,14,0,8,8,8,8,35,4,13,14,5,0,9,9,9,9,35,13,12,15,14,0,10,10,10,10,35,0,1,10,9,0,11,11,11,11,35,9,10,11,8,0,12,12,12,12,35,16,20,21,17,0,6,6,6,6,35,18,22,23,19,0,2,2,2,2,35,10,18,19,11,0,13,13,13,13,35,8,16,17,9,0,14,14,14,14,35,14,22,18,10,0,15,15,15,15,35,12,20,16,8,0,16,16,16,16,35,11,19,23,15,0,17,17,17,17,35,9,17,21,13,0,18,18,18,18,35,32,47,46,31,0,19,19,19,19,35,25,40,39,24,0,20,20,20,20,35,33,48,47,32,0,21,21,21,21,35,26,41,40,25,0,22,22,22,22,35,34,49,48,33,0,23,23,23,23,35,27,42,41,26,0,24,24,24,24,35,35,50,49,34,0,25,25,25,25,35,28,43,42,27,0,26,26,26,26,35,36,51,50,35,0,27,27,27,27,35,29,44,43,28,0,28,28,28,28,35,37,52,51,36,0,29,29,29,29,35,30,45,44,29,0,30,30,30,30,35,38,53,52,37,0,31,31,31,31,35,31,46,45,30,0,32,32,32,32,35,24,39,53,38,0,33,33,33,33,35,62,61,76,77,0,34,34,34,34,35,55,54,69,70,0,35,35,35,35,35,63,62,77,78,0,36,36,36,36,35,56,55,70,71,0,37,37,37,37,35,64,63,78,79,0,38,38,38,38,35,57,56,71,72,0,39,39,39,39,35,65,64,79,80,0,40,40,40,40,35,58,57,72,73,0,41,41,41,41,35,66,65,80,81,0,42,42,42,42,35,59,58,73,74,0,43,43,43,43,35,67,66,81,82,0,44,44,44,44,35,60,59,74,75,0,45,45,45,45,35,68,67,82,83,0,46,46,46,46,35,61,60,75,76,0,47,47,47,47,35,54,68,83,69,0,48,48,48,48,35,24,38,68,54,0,49,49,49,49,35,26,25,55,56,0,50,50,50,50,35,52,53,83,82,0,51,51,51,51,35,39,40,70,69,0,52,52,52,52,35,27,26,56,57,0,53,53,53,53,35,53,39,69,83,0,54,54,54,54,35,40,41,71,70,0,55,55,55,55,35,28,27,57,58,0,56,56,56,56,35,41,42,72,71,0,57,57,57,57,35,29,28,58,59,0,58,58,58,58,35,42,43,73,72,0,59,59,59,59,35,30,29,59,60,0,60,60,60,60,35,43,44,74,73,0,61,61,61,61,35,31,30,60,61,0,62,62,62,62,35,44,45,75,74,0,63,63,63,63,35,32,31,61,62,0,64,64,64,64,35,45,46,76,75,0,65,65,65,65,35,33,32,62,63,0,66,66,66,66,35,46,47,77,76,0,67,67,67,67,35,34,33,63,64,0,68,68,68,68,35,47,48,78,77,0,69,69,69,69,35,35,34,64,65,0,70,70,70,70,35,48,49,79,78,0,71,71,71,71,35,36,35,65,66,0,72,72,72,72,35,49,50,80,79,0,73,73,73,73,35,37,36,66,67,0,74,74,74,74,35,50,51,81,80,0,75,75,75,75,35,38,37,67,68,0,76,76,76,76,35,25,24,54,55,0,77,77,77,77,35,51,52,82,81,0,78,78,78,78],
    "normals":[0,1,-0,0,-1,0,1,0,-0,-1,0,0,-0,0,-1,-0,0,1,-1,0,-0,0,-1,0,-0,-1,0,0,-1,0,0,-1,0,0,1,-0,0,1,-0,0,1,-0,-0,1,-0,-0.759171,0,0.650892,-0.759171,0,-0.650892,0.759171,0,-0.650892,0.759171,0,0.650892,-0,1,-0,-0,1,-0,0,1,-0,-0,1,-0,-0,1,-0,0,1,-0,-0,1,-0,0,1,-0,-0,1,-0,0,1,-0,-0,1,-0,0,1,-0,0,1,-0,-0,1,-0,0,1,-0,0,-1,0,-0,-1,0,-0,-1,0,-0,-1,-0,-0,-1,0,-0,-1,0,-0,-1,0,0,-1,0,-0,-1,0,0,-1,0,0,-1,0,0,-1,0,0,-1,-0,0,-1,0,0,-1,0,0.207912,0,-0.978148,-0.587785,0,-0.809017,-0.587785,0,0.809017,0.207912,0,0.978148,-0.866025,-0,-0.5,-0.207912,0,0.978148,0.587785,0,0.809017,-0.994522,0,-0.104528,0.866025,0,0.5,-0.951057,0,0.309017,0.994522,0,0.104528,-0.743145,0,0.669131,0.951056,-0,-0.309017,-0.406737,0,0.913545,0.743145,-0,-0.669131,0,0,1,0.406736,0,-0.913545,0.406737,0,0.913545,0,-0,-1,0.743145,0,0.66913,-0.406737,0,-0.913545,0.951056,0,0.309017,-0.743145,-0,-0.66913,0.994522,0,-0.104529,-0.951056,-0,-0.309017,0.866025,-0,-0.5,-0.994522,0,0.104529,0.587785,0,-0.809017,-0.207912,0,-0.978148,-0.866025,0,0.5],
    "materials":[{
        "DbgColor":15658734,
        "DbgName":"Material",
        "blending":"NormalBlending",
        "depthWrite":true,
        "shading":"phong",
        "vertexColors":false,
        "wireframe":false,
        "transparent":false,
        "depthTest":true,
        "visible":true,
        "colorDiffuse":[0.193825,0.240435,0.645562],
        "specularCoef":50,
        "DbgIndex":0,
        "colorSpecular":[0.5,0.5,0.5],
        "opacity":1,
        "colorEmissive":[0,0,0]
    }]
}