{
    "normals":[0.187597,0.577354,0.794651,0.607065,0,0.794652,-0.491122,0.356829,0.794652,-0.491122,-0.356829,0.794652,0.187597,-0.577354,0.794651,0.982246,0,0.187597,0.303536,0.934171,0.187589,-0.794649,0.577359,0.187587,-0.794649,-0.577359,0.187587,0.303536,-0.934171,0.187589,0.794649,0.577359,-0.187587,-0.303536,0.934171,-0.187589,-0.982246,-0,-0.187597,-0.303536,-0.934171,-0.187589,0.794649,-0.577359,-0.187587,0.491122,0.356829,-0.794652,-0.187597,0.577354,-0.794651,-0.607065,-0,-0.794652,-0.187597,-0.577354,-0.794651,0.491122,-0.356829,-0.794652],
    "materials":[{
        "DbgColor":15658734,
        "DbgIndex":0,
        "vertexColors":false,
        "opacity":1,
        "specularCoef":50,
        "colorSpecular":[0.5,0.5,0.5],
        "DbgName":"Material",
        "colorEmissive":[0,0,0],
        "blending":"NormalBlending",
        "wireframe":false,
        "shading":"phong",
        "depthWrite":true,
        "transparent":true,
        "visible":true,
        "depthTest":true,
        "colorDiffuse":[0.4569,0.139718,0.645562]
    }],
    "uvs":[[0,0,1,0,1,1]],
    "faces":[42,0,1,2,0,0,1,2,0,0,0,42,1,0,5,0,0,1,2,1,1,1,42,0,2,3,0,0,1,2,2,2,2,42,0,3,4,0,0,1,2,3,3,3,42,0,4,5,0,0,1,2,4,4,4,42,1,5,10,0,0,1,2,5,5,5,42,2,1,6,0,0,1,2,6,6,6,42,3,2,7,0,0,1,2,7,7,7,42,4,3,8,0,0,1,2,8,8,8,42,5,4,9,0,0,1,2,9,9,9,42,1,10,6,0,0,1,2,10,10,10,42,2,6,7,0,0,1,2,11,11,11,42,3,7,8,0,0,1,2,12,12,12,42,4,8,9,0,0,1,2,13,13,13,42,5,9,10,0,0,1,2,14,14,14,42,6,10,11,0,0,1,2,15,15,15,42,7,6,11,0,0,1,2,16,16,16,42,8,7,11,0,0,1,2,17,17,17,42,9,8,11,0,0,1,2,18,18,18,42,10,9,11,0,0,1,2,19,19,19],
    "colors":[],
    "vertices":[0,0,1,0.7236,0.52572,0.447215,-0.276385,0.85064,0.447215,-0.894425,0,0.447215,-0.276385,-0.85064,0.447215,0.7236,-0.52572,0.447215,0.276385,0.85064,-0.447215,-0.7236,0.52572,-0.447215,-0.7236,-0.52572,-0.447215,0.276385,-0.85064,-0.447215,0.894425,-0,-0.447215,0,-0,-1],
    "metadata":{
        "type":"Geometry",
        "version":3,
        "uvs":1,
        "faces":20,
        "normals":20,
        "vertices":12,
        "colors":0,
        "generator":"io_three",
        "materials":1
    },
    "name":"IcosphereGeometry"
}